GUITestModuleLoader2,ModuleLoader2,TRUE,12,0.91,1.58,81,0.87,36605.77,13,1,5,12,0,114.43,5,138,0,1,114.43,0,0.5,0.17,0,28,3,2606.22,5,0,0,junit.framework.TestCase,0,0,1,19,0,0,12,0,3,569,0,12,0.91,1.58,81,0.87,36605.77,13,1,5,12,3,114.43,5,138,1,1,114.43,0,0.5,0.17,0,28,3,2606.22,5,0,3,junit.framework.TestCase,0,0,1,19,0,0,12,0,3,569,0
TestActionAddAttribute,ActionAddAttribute,TRUE,3,0,1,9,0.06,672.34,3,0,3,3,0,116.82,16,13,0,1,134.69,0,0.5,0,0,3,1,184.9,2,0,0,junit.framework.TestCase,0,0,1,3,0,0,3,0,4,53,0,3,1,1.67,22,0.31,7499.15,4,1,8,3,7,94.73,15,36,2,1,112.6,0,0.5,0,0,3,3,932.34,2,0,6,org.tigris.gef.undo.UndoableAction,0,0,1,5,0,0,3,0,5,190,0
TestActionCollaborationDiagram,ActionCollaborationDiagram,TRUE,9,0,1.22,64,0.78,16678.91,12,3,10,9,0,81.47,54,89,0,1,113.7,0,0.5,0.33,3,13,3,2350.44,2,3,0,junit.framework.TestCase,0,0,1,11,0,0,6,0,14,484,0,2,1,1,6,0.05,504.89,3,1,3,2,7,102.06,12,12,3,2,134.29,0,0.67,0,0,2,1,139.44,1,1,4,org.argouml.uml.ui.ActionNewDiagram,0.33,0,2,2,0,0,1,0,3,40,0
TestActionNewReception,ActionNewReception,TRUE,3,0,1,9,0.06,672.34,3,0,3,3,0,116.82,16,13,0,1,134.69,0,0.5,0,0,3,1,184.9,2,0,0,junit.framework.TestCase,0,0,1,3,0,0,3,0,4,53,0,2,0,1.5,11,0.13,2883.23,2,0,6,2,5,87.74,12,19,1,2,119.96,0,0.67,0,0,2,2,397.26,2,0,4,org.argouml.uml.ui.AbstractActionNewModelElement,0,0,2,3,0,0,2,0,3,88,0
TestActionStateDiagram,ActionStateDiagram,TRUE,8,0,1.25,63,0.78,18688.89,11,3,10,8,0,70.61,56,85,0,1,112.9,0,0.5,0.33,3,8,3,2351.33,2,3,0,junit.framework.TestCase,0,0,1,10,0,0,5,0,15,486,0,3,1,3,29,0.42,12201.58,4,1,10,3,12,74.51,18,45,3,2,106.73,0,0.67,0,1,3,4,1256.6,0,2,9,org.argouml.uml.ui.ActionNewDiagram,0.29,0,2,9,0,0,1,0,7,244,0
TestAttributeAndOperationNotationUml,AttributeNotationUml,TRUE,30,0.04,1.97,484,8.67,423218.86,71,41,10,30,0,113.87,107,724,0,1,93.25,0,0.5,0.07,10,318,7,26005.61,3,0,0,junit.framework.TestCase,0,0,1,59,0,0,30,0,24,4788,0,8,0.36,10.5,251,5.05,711295.96,10,2,16,10,13,27.38,86,410,2,2,75.86,0,0.67,0.19,3,22,51,15139.49,0,4,11,org.argouml.uml.notation.AttributeNotation,0.1,2,2,84,0,2,4,0,15,2255,0
TestAttributeAndOperationNotationUml,OperationNotationUml,TRUE,30,0.04,1.97,484,8.67,423218.86,71,41,10,30,0,113.87,107,724,0,1,93.25,0,0.5,0.07,10,318,7,26005.61,3,0,0,junit.framework.TestCase,0,0,1,59,0,0,30,0,24,4788,0,9,0,9.44,252,4.73,548400.74,9,0,17,9,12,41.26,110,412,1,2,78.82,0,0.67,0,5,9,32,14182.41,0,3,11,org.argouml.uml.notation.OperationNotation,0.09,0,2,85,0,0,6,0,27,2225,0
TestCallStateNotationUml,CallStateNotationUml,TRUE,11,0.17,2,123,1.82,48445.26,20,9,5,11,0,103.54,50,186,0,1,103.3,0,0.5,0.26,1,0,8,5471.13,1,0,0,junit.framework.TestCase,0,0,1,22,0,0,11,0,19,1030,0,5,0,6,93,1.74,176759.6,5,0,10,5,6,45.65,35,151,1,2,87.95,0,0.67,0,1,5,20,5209.36,1,3,5,org.argouml.uml.notation.CallStateNotation,0.11,0,2,30,0,0,2,0,12,836,0
TestClassifierRoleNotationUml,ClassifierRoleNotationUml,TRUE,8,0.04,2.25,87,1.02,41255.68,15,7,5,8,0,144.16,23,123,0,1,104.28,0,0.5,0.18,3,22,8,3049.07,3,0,0,junit.framework.TestCase,0,0,1,18,0,0,8,0,6,606,0,5,0,7.8,113,1.77,195978.91,5,0,12,5,7,46.72,60,156,1,2,84.28,0,0.67,0,1,5,29,5318.05,0,3,6,org.argouml.uml.notation.ClassifierRoleNotation,0.11,0,2,39,0,0,2,0,14,868,0
TestCollaborationsFactory,model,TRUE,7,0.83,1.57,47,0.62,15168.58,8,1,1,7,0,73.31,53,90,0,1,115.6,0,0.5,0.29,0,13,5,1849.02,3,1,0,junit.framework.TestCase,0,0,1,11,0,0,6,0,15,387,0,13,0.19,1.08,31,0.24,2946.48,16,3,7,13,26,141.44,61,47,23,1,141.21,14,0.06,0.15,6,67,2,726.35,2,7,3,org.tigris.gef.undo.UndoableAction,0,0,1,14,14,0,6,0,15,194,0
TestCopyHelper,CopyHelper,TRUE,18,0,1.33,262,4.8,193519.83,18,0,3,18,0,117.05,61,331,0,1,96.43,0,0.5,0,9,18,6,14387.74,4,0,0,junit.framework.TestCase,0,0,1,24,0,0,18,0,41,2556,0,1,0,1,2,0.01,98.63,1,0,0,1,2,95.96,8,3,2,1,144.07,0,0,0,0,1,1,36.87,0,1,0,,0,0,0,1,0,0,0,0,2,13,0
TestCrAssocNameConflict,CrNameConflict,TRUE,5,0.57,1,59,1.01,33376.6,12,7,2,5,0,141.92,12,65,0,1,102.04,0,0.5,0.6,0,0,1,3017.35,4,0,0,junit.framework.TestCase,0,0,1,5,0,0,5,0,9,589,0,5,0,2.8,39,0.49,14936.62,5,0,9,5,9,94,26,54,1,3,111.87,0,0.75,0,1,8,8,1476.02,6,4,8,org.argouml.uml.cognitive.critics.CrUML,0,0,3,14,0,0,1,0,8,298,0
TestCrAssocNameConflict,CrAssocNameConflict,TRUE,5,0.57,1,59,1.01,33376.6,12,7,2,5,0,141.92,12,65,0,1,102.04,0,0.5,0.6,0,0,1,3017.35,4,0,0,junit.framework.TestCase,0,0,1,5,0,0,5,0,9,589,0,6,0,3.33,51,0.7,24584.17,6,0,12,6,9,90.72,30,72,1,3,108.59,0,0.75,0,2,10,9,2108.8,5,5,8,org.argouml.uml.cognitive.critics.CrUML,0,0,3,20,0,0,1,0,9,415,0
TestCrDupParamName,CrDupParamName,TRUE,3,0.5,1,26,0.38,13087.12,4,1,2,3,0,108.65,1,34,0,1,108.65,0,0.5,0.67,0,1,1,1137.88,3,0,0,junit.framework.TestCase,0,0,1,3,0,0,3,0,1,243,0,2,0,3,20,0.23,7371.89,2,0,6,2,6,63.07,14,27,1,3,105.36,0,0.75,0,0,2,5,686.05,3,1,5,org.argouml.uml.cognitive.critics.CrUML,0,0,3,6,0,0,1,0,3,135,0
TestCrInvalidHistory,CrInvalidHistory,TRUE,4,0.56,1,30,0.35,5765.04,10,6,2,4,0,114.6,0,41,0,1,114.6,0,0.5,0.58,0,0,1,1056.79,3,0,0,junit.framework.TestCase,0,0,1,4,0,0,4,0,0,240,0,2,0,2.5,13,0.22,8209.61,2,0,4,2,5,81.09,12,20,1,3,113.31,0,0.75,0,0,2,4,655.62,3,1,4,org.argouml.uml.cognitive.critics.CrUML,0,0,3,5,0,0,1,0,3,132,0
TestCrInvalidInitial,CrInvalidInitial,TRUE,3,0.58,1,23,0.25,4513.97,9,6,2,3,0,114.45,0,32,0,1,114.45,0,0.5,0.56,0,1,1,760.29,3,0,0,junit.framework.TestCase,0,0,1,3,0,0,3,0,0,172,0,2,0,2.5,16,0.19,5908.34,2,0,4,2,5,67.48,14,24,1,3,109.77,0,0.75,0,0,2,4,574.26,3,1,4,org.argouml.uml.cognitive.critics.CrUML,0,0,3,5,0,0,1,0,3,118,0
TestCritic,Critic,TRUE,3,0.5,1,13,0.1,1415.86,4,1,2,3,0,127.49,0,17,0,1,127.49,0,0.5,0.67,0,1,1,307.05,2,0,0,junit.framework.TestCase,0,0,1,3,0,0,3,0,0,78,0,2,0,1,8,0.07,838.37,2,0,5,2,4,110.02,10,12,1,1,127.89,0,0.5,0,0,2,1,203.38,2,0,3,org.tigris.gef.undo.UndoableAction,0,0,1,2,0,0,2,0,4,54,0
TestCrNameConflict,CrAssocNameConflict,TRUE,3,0.71,1,38,0.64,18851.13,10,7,2,3,0,101.07,14,42,0,1,100.83,0,0.5,0.62,0,1,1,1930.84,4,0,0,junit.framework.TestCase,0,0,1,3,0,0,3,0,6,375,0,6,0,3.33,51,0.7,24584.17,6,0,12,6,9,90.72,30,72,1,3,108.59,0,0.75,0,2,10,9,2108.8,5,5,8,org.argouml.uml.cognitive.critics.CrUML,0,0,3,20,0,0,1,0,9,415,0
TestCrNoAssociations,CrNoAssociations,TRUE,6,0.67,1,48,0.57,12446.14,12,6,2,6,0,151.08,12,55,0,1,111.19,0,0.5,0.72,0,0,1,1697,3,0,0,junit.framework.TestCase,0,0,1,6,0,0,6,0,12,378,0,3,0,10,47,0.92,59862.54,3,0,6,3,6,72.6,42,80,1,3,92.74,0,0.75,0,1,5,16,2753.78,4,2,5,org.argouml.uml.cognitive.critics.CrUML,0,0,3,30,0,0,1,0,20,511,0
TestCrNoInitialState,CrNoInitialState,TRUE,3,0.5,1,17,0.16,2137.74,7,4,2,3,0,122.46,0,24,0,1,122.46,0,0.5,0.58,0,1,1,485.25,3,0,0,junit.framework.TestCase,0,0,1,3,0,0,3,0,0,117,0,2,0,4,25,0.28,9750.82,2,0,5,2,5,53.28,16,33,1,3,101.38,0,0.75,0,0,2,7,844.18,3,1,4,org.argouml.uml.cognitive.critics.CrUML,0,0,3,8,0,0,1,0,6,163,0
TestCrUnconventionalAttrName,CrUnconventionalAttrName,TRUE,7,0.17,1,20,0.18,2135.98,8,1,2,8,0,160.82,27,28,0,1,140.21,0,0.5,0.86,0,0,1,552.92,3,0,0,junit.framework.TestCase,0,1,1,7,0,1,7,0,7,145,0,9,1,3,88,0.96,46782.45,10,1,9,9,12,88.02,51,107,1,4,105.89,0,0.8,0,2,23,10,2865.37,7,7,11,org.argouml.uml.cognitive.critics.AbstractCrUnconventionalName,0.04,0,4,27,0,0,2,0,17,569,0
TestCrUnconventionalClassName,CrUnconventionalClassName,TRUE,3,0.5,1,17,0.19,2788.56,4,1,2,4,0,103.68,16,21,0,1,121.55,0,0.5,0.67,0,1,1,562.87,3,0,0,junit.framework.TestCase,0,1,1,3,0,1,3,0,3,134,0,6,1,2.33,43,0.55,16186.44,7,1,7,6,10,112.5,26,60,1,4,112.26,0,0.8,0,1,14,5,1648.03,5,4,9,org.argouml.uml.cognitive.critics.AbstractCrUnconventionalName,0.04,0,4,14,0,0,2,0,9,339,0
TestCrUnconventionalOperName,CrUnconventionalOperName,TRUE,3,0.5,1,14,0.14,1987.37,4,1,2,4,0,108.45,16,18,0,1,126.33,0,0.5,0.67,0,1,1,431.73,3,0,0,junit.framework.TestCase,0,1,1,3,0,1,3,0,3,107,0,9,0,2.67,78,0.97,28162.3,9,0,10,9,11,109.8,40,103,1,4,109.56,0,0.8,0,3,23,7,2895.95,8,7,10,org.argouml.uml.cognitive.critics.AbstractCrUnconventionalName,0,0,4,24,0,0,2,0,12,583,0
TestCrUnconventionalPackName,CrUnconventionalPackName,TRUE,3,0.5,1,15,0.16,2762.35,4,1,2,4,0,103.71,16,19,0,1,121.58,0,0.5,0.67,0,1,1,479.65,3,0,0,junit.framework.TestCase,0,1,1,3,0,1,3,0,3,117,0,6,0,2.83,53,0.57,18307.99,6,0,7,6,10,109.87,24,62,1,4,109.63,0,0.8,0,1,14,6,1695.79,5,4,9,org.argouml.uml.cognitive.critics.AbstractCrUnconventionalName,0.04,0,4,17,0,0,2,0,8,342,0
TestDetailsPane,DetailsPane,TRUE,2,0,1,26,0.44,16379.06,2,0,10,2,0,50.15,21,55,0,1,98.63,0,0.5,0,0,2,1,1333.71,2,0,0,junit.framework.TestCase,0,0,1,2,0,0,2,0,7,246,0,31,0.04,2.97,263,2.98,155751.47,39,8,33,37,17,65.63,222,329,1,1,107.92,0,0.5,0.16,10,210,18,8941.51,3,10,16,javax.swing.JPanel,0,6,1,92,0,6,21,1,66,1739,0
TestExtensionMechanismsFactory,ExtensionMechanismsFactory,TRUE,5,1,1.2,40,0.61,11186.2,6,1,2,5,1,93.02,28,68,1,1,110.89,0,0.5,0.2,0,8,2,1840.17,3,1,0,junit.framework.TestCase,0,0,1,6,0,0,4,0,9,345,0,10,0,1,11,1.35,21758,10,0,1,10,3,96.61,83,15,2,1,144.72,0,0.5,0,0,10,1,4058,0,10,1,,0,0,1,10,0,0,0,0,187,814,0
TestExtensionMechanismsHelper,model,TRUE,7,0.23,1,45,0.71,13744.81,12,5,3,7,1,98.17,36,88,0,1,116.04,0,0.5,0.4,0,3,1,2131.17,4,0,1,junit.framework.TestCase,0,0,1,7,0,0,7,0,10,437,0,13,0.19,1.08,31,0.24,2946.48,16,3,7,13,26,141.44,61,47,23,1,141.21,14,0.06,0.15,6,67,2,726.35,2,7,3,org.tigris.gef.undo.UndoableAction,0,0,1,14,14,0,6,0,15,194,0
TestGeneratorJava,GeneratorJava,TRUE,5,0.12,1,61,1.19,45001.33,9,4,2,5,0,99.84,23,112,0,1,99.61,0,0.5,0.35,0,5,1,3575.44,2,0,0,junit.framework.TestCase,0,0,1,5,0,0,5,0,6,695,0,66,0.02,4.89,956,15.41,1037814.77,77,11,40,69,30,62.61,455,1381,9,1,94.83,0,0,0.08,49,1210,28,46230.5,0,62,21,java.lang.Object,0,3,0,323,0,3,4,1,176,8101,0
TestItemUID,ItemUID,TRUE,4,0,2,100,1.37,54248.56,4,0,33,4,0,53.93,25,120,0,1,86.15,0,0.5,0,1,4,5,4109.09,1,0,0,junit.framework.TestCase,0,0,1,8,0,0,4,0,14,709,0,7,0.06,3.43,60,0.83,33070.81,10,3,5,10,8,117.23,122,97,6,1,108.09,0,0,0.29,3,16,10,2496.41,0,5,2,java.lang.Object,0,3,0,24,0,3,2,0,19,472,0
TestMessageNotationUml,MessageNotationUml,TRUE,16,0,1.31,229,3.94,231413.09,16,0,4,16,0,77.55,83,290,0,1,95.42,0,0.5,0,11,16,5,11817.14,4,0,0,junit.framework.TestCase,0,0,1,21,0,0,16,0,30,2193,0,29,0.45,8.69,818,15.23,3793257.65,31,2,17,30,9,26.23,261,1169,0,2,76.23,0,0.67,0.07,24,102,127,45694.23,0,25,9,org.argouml.uml.notation.MessageNotation,0.05,1,2,252,0,1,4,0,81,6595,0
TestModel2,model,TRUE,4,0,1,15,0.12,1912.33,4,0,1,4,0,152.72,15,20,0,1,132.1,0,0.5,0,0,4,1,374,1,0,0,junit.framework.TestCase,0,0,1,4,0,0,4,0,5,98,0,13,0.19,1.08,31,0.24,2946.48,16,3,7,13,26,141.44,61,47,23,1,141.21,14,0.06,0.15,6,67,2,726.35,2,7,3,org.tigris.gef.undo.UndoableAction,0,0,1,14,14,0,6,0,15,194,0
TestModelElementNameNotationJava,ModelElementNameNotationJava,TRUE,6,0.6,1,24,0.28,3651.75,7,1,5,6,0,126.62,5,40,0,1,126.62,0,0.5,0.5,3,6,1,846.67,2,1,0,junit.framework.TestCase,0,0,1,6,0,0,5,0,1,202,0,6,0,5.67,85,1.48,127312.18,6,0,10,6,8,75.9,30,141,1,2,93.78,0,0.67,0,2,6,27,4454.06,0,3,7,org.argouml.uml.notation.ModelElementNameNotation,0.1,0,2,34,0,0,3,0,11,725,0
TestModelEventPump,Model,TRUE,14,0.59,1.07,82,1.07,17075.31,17,3,5,14,0,120.84,62,150,0,1,120.61,0,0.5,0.88,0,0,2,3207.89,3,0,0,junit.framework.TestCase,0,0,1,15,0,0,14,0,15,701,0,13,0.19,1.08,31,0.24,2946.48,16,3,7,13,26,141.44,61,47,23,1,141.21,14,0.06,0.15,6,67,2,726.35,2,7,3,org.tigris.gef.undo.UndoableAction,0,0,1,14,14,0,6,0,15,194,0
TestModelFacade2,Model,TRUE,7,0,1.14,49,0.74,13039.16,7,0,2,7,0,95.82,36,69,0,1,113.69,0,0.5,0,0,7,2,2234.47,3,0,0,junit.framework.TestCase,0,0,1,8,0,0,7,0,9,472,0,13,0.19,1.08,31,0.24,2946.48,16,3,7,13,26,141.44,61,47,23,1,141.21,14,0.06,0.15,6,67,2,726.35,2,7,3,org.tigris.gef.undo.UndoableAction,0,0,1,14,14,0,6,0,15,194,0
TestModelFacade3,Model,TRUE,6,0,3.33,54,0.85,40657.65,8,2,7,6,1,62.67,42,90,1,1,104.96,0,0.5,0.5,2,0,12,2562.93,3,2,0,junit.framework.TestCase,0,0,1,20,0,0,4,0,11,482,0,13,0.19,1.08,31,0.24,2946.48,16,3,7,13,26,141.44,61,47,23,1,141.21,14,0.06,0.15,6,67,2,726.35,2,7,3,org.tigris.gef.undo.UndoableAction,0,0,1,14,14,0,6,0,15,194,0
TestModelManagementHelper,model,TRUE,8,0.2,1,51,0.65,10360.73,15,7,3,9,0,138.08,30,79,0,1,117.46,0,0.5,0.32,1,6,1,1960.71,3,0,0,junit.framework.TestCase,0,1,1,8,0,1,8,0,9,422,0,13,0.19,1.08,31,0.24,2946.48,16,3,7,13,26,141.44,61,47,23,1,141.21,14,0.06,0.15,6,67,2,726.35,2,7,3,org.tigris.gef.undo.UndoableAction,0,0,1,14,14,0,6,0,15,194,0
TestMyTokenizer,MyTokenizer,TRUE,13,0,1.31,193,2.88,124088.28,13,0,3,13,0,136.73,36,406,0,1,96.85,0,0.5,0,1,13,2,8625.94,2,0,0,junit.framework.TestCase,0,0,1,17,0,0,13,0,11,1648,0,10,0.21,3.5,148,1.61,185749.39,24,14,0,13,14,74.2,140,177,9,1,94.34,0,0,0.26,3,0,19,4843.62,0,6,5,java.lang.Object,0,3,0,35,0,3,4,1,11,889,0
TestNotation,Notation,TRUE,4,0,1.25,30,0.43,8505.92,4,0,8,4,0,163.22,5,49,0,1,113.22,0,0.5,0,0,4,2,1276.15,1,0,0,junit.framework.TestCase,0,0,1,5,0,0,4,0,1,262,0,6,0.3,2,44,0.55,12459.2,8,2,18,6,8,80.97,36,57,2,1,113.19,0,0.5,0.25,0,6,4,1648.58,2,1,6,org.tigris.gef.undo.UndoableAction,0,0,1,12,0,0,5,1,8,323,0
TestNotationProvider,NotationProvider,TRUE,4,0.17,1,40,0.52,11245.53,6,2,7,4,0,146.42,11,52,0,1,106.54,0,0.5,0.38,0,4,1,1559.98,1,0,0,junit.framework.TestCase,0,0,1,4,0,0,4,1,3,312,0,12,0.14,1.83,58,0.74,21327.87,14,2,9,14,30,78.68,142,87,28,1,122.81,41,0,0.38,4,20,5,2213.14,0,3,2,java.lang.Object,0,2,0,22,41,2,9,0,26,476,0
TestOsUtil,OsUtil,TRUE,2,0,1,8,0.06,982.85,2,0,1,2,0,109.47,11,11,0,1,127.35,0,0.5,0,0,2,1,189.24,1,0,0,junit.framework.TestCase,0,0,1,2,0,0,2,0,3,51,0,4,0,1,8,0.08,882.8,4,0,0,4,1,123.44,23,14,1,1,141.31,0,0,0,0,4,1,225.29,0,3,0,java.lang.Object,0,0,0,4,0,0,1,0,5,61,0
TestPersistenceManager,xmifilepersister,TRUE,3,0,1,28,0.33,9642.67,3,0,4,3,0,89.91,17,40,0,1,107.79,0,0.5,0,0,3,1,1004.57,4,0,0,junit.framework.TestCase,0,0,1,3,0,0,3,0,5,214,0,10,0,3.3,129,1.74,80402.64,14,4,23,12,19,57.43,79,185,3,2,99.72,1,0.4,0.25,3,22,10,5211.1,1,5,17,org.argouml.persistence.AbstractFilePersister,0.28,2,2,33,2,2,5,1,19,923,0
TestPersistenceManager,umlfilepersister,TRUE,3,0,1,28,0.33,9642.67,3,0,4,3,0,89.91,17,40,0,1,107.79,0,0.5,0,0,3,1,1004.57,4,0,0,junit.framework.TestCase,0,0,1,3,0,0,3,0,5,214,0,15,0.11,4.2,226,3.31,177660.29,19,4,36,16,20,46.62,128,347,4,2,94.72,1,0.4,0.15,7,56,10,9941.56,3,12,18,org.argouml.persistence.AbstractFilePersister,0.24,1,2,63,2,1,3,0,40,1699,0
TestPersistenceManager,zipfilepersister,TRUE,3,0,1,28,0.33,9642.67,3,0,4,3,0,89.91,17,40,0,1,107.79,0,0.5,0,0,3,1,1004.57,4,0,0,junit.framework.TestCase,0,0,1,3,0,0,3,0,5,214,0,9,0.88,2.89,93,1.38,66589.45,10,1,22,10,17,60.69,70,139,2,3,102.99,0,0.75,0.22,1,19,12,4133.87,2,7,16,org.argouml.persistence.XmiFilePersister,0.32,1,3,26,0,1,2,0,20,711,0
TestPersistenceManager,PersistenceManager,TRUE,3,0,1,28,0.33,9642.67,3,0,4,3,0,89.91,17,40,0,1,107.79,0,0.5,0,0,3,1,1004.57,4,0,0,junit.framework.TestCase,0,0,1,3,0,0,3,0,5,214,0,24,0.02,1.62,123,1.2,26028.48,39,15,18,28,30,103.04,137,186,21,1,120.91,0,0,0.08,4,330,4,3590.06,0,15,13,java.lang.Object,0,4,0,39,0,4,9,0,28,794,0
TestProfileJava,ProfileJava,TRUE,2,0,1,9,0.1,1672.83,2,0,3,2,0,77.05,20,14,0,1,125.53,0,0.5,0,0,2,1,312.79,2,0,0,junit.framework.TestCase,0,0,1,2,0,0,2,0,3,70,0,17,0.16,3.18,175,2.27,87142.83,21,4,18,18,8,61.93,123,251,1,1,104.22,0,0.5,0.1,13,69,9,6795.08,0,14,7,org.argouml.uml.Profile,0.09,1,1,54,0,1,3,0,38,1307,0
TestResolvedCritic,ResolvedCritic,TRUE,3,0,2.33,65,1.18,72363.81,3,0,4,3,0,54.75,20,100,0,1,86.97,0,0.5,0,0,3,4,3540.66,1,0,0,junit.framework.TestCase,0,0,1,7,0,0,3,0,8,616,0,10,0.11,3.5,94,1.04,63700.76,13,3,5,11,9,56.68,104,136,5,1,105.16,0,0,0.43,2,0,12,3119.3,1,6,4,java.lang.Object,0,1,0,35,0,1,4,0,19,623,0
TestStateBodyNotationUml,StateBodyNotationUml,TRUE,10,0.04,1.4,69,1.07,34966.19,13,3,6,10,0,81.77,64,140,0,1,113.99,0,0.5,0.3,2,0,5,3195.3,1,1,0,junit.framework.TestCase,0,0,1,14,0,0,9,0,21,653,0,11,0,3.45,108,1.76,71282.37,11,0,12,11,7,67.54,134,194,0,2,105.1,0,0.67,0,7,11,10,5277.43,0,3,7,org.argouml.uml.notation.StateBodyNotation,0.07,0,2,38,0,0,8,0,20,984,0
TestStringNamespace,StringNamespace,TRUE,8,0,1,60,0.68,17177.82,8,0,1,8,0,113.47,32,94,0,1,113.24,0,0.5,0,1,8,1,2029.72,2,1,0,junit.framework.TestCase,0,0,1,8,0,0,7,0,9,459,0,21,0.15,1.48,92,0.85,24086.4,24,3,3,23,5,106.49,114,117,2,1,124.36,0,0,0.19,4,141,3,2547.62,2,12,3,java.lang.Object,0,2,0,31,0,2,9,1,22,599,0
TestTabStyle,TabStyle,TRUE,2,0,1,32,0.39,19484.12,2,0,20,2,0,62.45,12,35,0,1,94.67,0,0.5,0,0,2,1,1181.83,1,0,0,junit.framework.TestCase,0,0,1,2,0,0,2,0,3,237,0,21,0.01,2.52,167,1.93,82798.23,30,9,24,25,14,68.66,164,221,0,2,110.95,0,0.67,0.12,8,222,12,5783.19,6,5,14,org.argouml.ui.AbstractArgoJPanel,0,4,2,53,0,4,16,1,44,1139,0
TestTargetManager,TargetManager,TRUE,14,0.04,1.93,496,7.31,633648.39,29,15,12,14,0,97.2,54,512,0,1,76.59,0,0.5,0.1,0,70,6,21940.2,3,0,0,junit.framework.TestCase,0,0,1,27,0,0,14,0,20,4028,0,37,0.01,2.57,276,3.4,146404.69,50,13,24,47,147,68.64,267,410,141,1,110.93,0,0,0.09,14,791,12,10212.61,0,20,11,java.lang.Object,0,10,0,95,0,10,17,0,49,2004,0
TestUMLActivityDiagram,UMLActivityDiagram,TRUE,2,0,1,6,0.04,504.94,2,0,2,2,0,102.06,12,10,0,1,134.29,0,0.5,0,0,2,1,120.04,1,0,0,junit.framework.TestCase,0,0,1,2,0,0,2,0,3,35,0,1,0,1,3,0.02,142.44,1,0,1,1,3,88.14,8,6,1,4,136.24,0,0.8,0,0,1,1,61.77,1,0,2,org.argouml.uml.diagram.ui.PropPanelDiagram,0,0,4,1,0,0,1,0,2,19,0
TestUMLAssociationEndRoleBaseListModel,umlassociationendrolebaselistmodel,TRUE,6,0.44,1.33,54,0.73,15611.47,11,5,5,6,0,108.68,25,75,0,1,108.44,0,0.5,0.57,0,0,2,2187.04,4,0,0,junit.framework.TestCase,0,0,1,8,0,0,6,0,8,437,0,3,0,1.67,13,0.16,3381.09,3,0,2,3,3,124.63,13,24,1,2,124.39,0,0.67,0,0,3,2,469.55,3,1,2,org.argouml.uml.ui.UMLModelElementListModel2,0.06,0,2,5,0,0,2,0,4,112,0
TestUMLAssociationRoleBaseComboBoxModel,UMLAssociationRoleBaseComboBoxModel,TRUE,9,0.5,1.11,68,0.98,29248.99,13,4,5,9,0,93.92,52,91,0,1,111.8,0,0.5,0.69,0,0,2,2935.99,5,0,0,junit.framework.TestCase,0,0,1,10,0,0,9,0,17,589,0,6,0.8,2.67,48,0.59,13022.25,7,1,5,7,3,111.05,28,66,1,2,110.81,0,0.67,0.33,0,10,4,1781.34,6,2,2,org.argouml.uml.ui.UMLComboBoxModel2,0.1,1,2,16,0,1,4,0,7,376,0
TestUMLClassDiagram,UMLClassDiagram,TRUE,2,0,1,6,0.04,504.94,2,0,2,2,0,102.06,12,10,0,1,134.29,0,0.5,0,0,2,1,120.04,1,0,0,junit.framework.TestCase,0,0,1,2,0,0,2,0,3,35,0,1,0,1,3,0.02,142.44,1,0,1,1,3,93.95,7,6,1,4,136.24,0,0.8,0,0,1,1,61.77,1,0,2,org.argouml.uml.diagram.ui.PropPanelDiagram,0,0,4,1,0,0,1,0,2,19,0
TestUMLCollaborationDiagram,UMLCollaborationDiagram,TRUE,2,0,1,6,0.04,504.94,2,0,2,2,0,102.06,12,10,0,1,134.29,0,0.5,0,0,2,1,120.04,1,0,0,junit.framework.TestCase,0,0,1,2,0,0,2,0,3,35,0,1,0,1,3,0.02,142.44,1,0,1,1,3,88.14,8,6,1,4,136.24,0,0.8,0,0,1,1,61.77,1,0,2,org.argouml.uml.diagram.ui.PropPanelDiagram,0,0,4,1,0,0,1,0,2,19,0
TestUMLCollaborationRepresentedClassifierComboBoxModel,UMLCollaborationRepresentedClassifierComboBoxModel,TRUE,5,0.33,1,31,0.37,6245.87,8,3,6,5,0,99.72,26,38,0,1,117.59,0,0.5,0.6,0,0,1,1121.93,3,0,0,junit.framework.TestCase,0,0,1,5,0,0,5,0,9,237,0,5,0,1.6,21,0.3,6499.15,5,0,8,5,5,124.15,22,35,1,2,123.91,0,0.67,0,0,5,4,888.41,2,2,4,org.argouml.uml.ui.UMLComboBoxModel2,0.1,0,2,8,0,0,3,0,7,187,0
TestUMLCollaborationRepresentedOperationComboBoxModel,UMLCollaborationRepresentedOperationComboBoxModel,TRUE,5,0.33,1,33,0.42,7480.12,8,3,6,5,0,99.1,27,40,0,1,116.97,0,0.5,0.6,0,0,1,1251.9,3,0,0,junit.framework.TestCase,0,0,1,5,0,0,5,0,9,258,0,5,0,1.6,22,0.32,7256.22,5,0,8,5,5,144.15,19,36,1,2,123.54,0,0.67,0,0,5,4,966.46,2,2,4,org.argouml.uml.ui.UMLComboBoxModel2,0.1,0,2,8,0,0,3,0,6,199,0
TestUMLDeploymentDiagram,UMLDeploymentDiagram,TRUE,2,0,1,6,0.04,504.94,2,0,3,2,0,102.06,12,10,0,1,134.29,0,0.5,0,0,2,1,120.04,1,0,0,junit.framework.TestCase,0,0,1,2,0,0,2,0,3,35,0,1,0,1,3,0.02,142.44,1,0,1,1,3,88.14,8,6,1,4,136.24,0,0.8,0,0,1,1,61.77,1,0,2,org.argouml.uml.diagram.ui.PropPanelDiagram,0,0,4,1,0,0,1,0,2,19,0
TestUMLExtensionPointLocationDocument,UMLExtensionPointLocationDocument,TRUE,10,0.44,1,54,0.65,8285.35,12,2,3,10,0,104.07,50,72,0,1,121.95,0,0.5,0.9,0,0,1,1948.31,3,0,0,junit.framework.TestCase,0,0,1,10,0,0,10,0,11,439,0,3,0,1,7,0.05,412.33,3,0,2,3,3,125.06,15,11,1,2,142.93,0,0.67,0,0,3,1,154.43,1,1,2,org.argouml.uml.ui.UMLPlainTextDocument,0.1,0,2,3,0,0,2,0,4,46,0
TestUMLExtensionPointUseCaseListModel,UMLExtensionPointUseCaseListModel,TRUE,5,0.38,1,27,0.27,3412.51,7,2,2,5,0,122.84,20,33,0,1,122.61,0,0.5,0.8,0,0,1,817.42,3,0,0,junit.framework.TestCase,0,0,1,5,0,0,5,0,6,190,0,3,0,1,7,0.07,890.16,3,0,2,3,3,140.54,13,13,1,2,140.3,0,0.67,0,0,3,1,209.94,2,1,2,org.argouml.uml.ui.UMLModelElementListModel2,0.06,0,2,3,0,0,2,0,4,58,0
TestUmlFactoryBuildNode,model,TRUE,5,0,1,21,0.36,7625.13,5,0,1,5,0,73.48,48,41,0,1,123.47,0,0.5,0,0,5,1,1083.72,1,0,0,junit.framework.TestCase,0,0,1,5,0,0,5,0,28,272,0,13,0.19,1.08,31,0.24,2946.48,16,3,7,13,26,141.44,61,47,23,1,141.21,14,0.06,0.15,6,67,2,726.35,2,7,3,org.tigris.gef.undo.UndoableAction,0,0,1,14,14,0,6,0,15,194,0
TestUMLFeatureOwnerScopeCheckBox,UMLFeatureOwnerScopeCheckBox,TRUE,5,0.38,1.6,31,0.32,6568.82,7,2,2,5,0,99.43,29,45,0,1,117.31,0,0.5,0.8,0,0,3,947.2,3,0,0,junit.framework.TestCase,0,0,1,8,0,0,5,0,8,215,0,2,0,1.5,8,0.09,1518.18,2,0,3,2,7,107.89,10,16,3,2,125.77,0,0.67,0,0,2,2,284.52,2,0,4,org.argouml.uml.ui.UMLCheckBox2,0.2,0,2,3,0,0,2,0,3,67,0
TestUMLGeneralizationPowertypeComboBoxModel,UMLGeneralizationPowertypeComboBoxModel,TRUE,7,0.42,1.29,67,0.92,24838.58,15,8,5,8,0,65.1,54,86,0,1,107.39,0,0.5,0.48,0,0,2,2748.59,4,0,0,junit.framework.TestCase,0,1,1,9,0,1,7,0,12,543,0,4,0,1.5,19,0.25,4185.52,4,0,7,4,5,124.9,16,32,1,2,124.67,0,0.67,0,0,4,2,764.88,2,2,4,org.argouml.uml.ui.UMLComboBoxModel2,0.11,0,2,6,0,0,2,0,5,169,0
TestUMLInteractionCollaborationListModel,UMLInteractionContextListModel,TRUE,5,0.38,1,28,0.29,3584.31,7,2,2,5,0,122.68,21,36,0,1,122.44,0,0.5,0.8,0,0,1,856.18,4,0,0,junit.framework.TestCase,0,0,1,5,0,0,5,0,6,197,0,3,0,1,8,0.08,858.83,3,0,2,3,3,140.66,13,14,1,2,140.42,0,0.67,0,0,3,1,231.18,3,1,2,org.argouml.uml.ui.UMLModelElementListModel2,0.06,0,2,3,0,0,2,0,4,63,0
TestUMLMessageActionListModel,UMLMessageActionListModel,TRUE,5,0.38,1,28,0.29,3584.31,7,2,2,5,0,122.68,21,37,0,1,122.44,0,0.5,0.8,0,0,1,856.18,4,0,0,junit.framework.TestCase,0,0,1,5,0,0,5,0,6,197,0,3,0,1,8,0.07,922.82,3,0,2,3,3,140.41,13,13,1,2,140.18,0,0.67,0,0,3,1,223,3,1,2,org.argouml.uml.ui.UMLModelElementListModel2,0.06,0,2,3,0,0,2,0,4,61,0
TestUMLMessageActivatorComboBoxModel,UMLMessageActivatorComboBoxModel,TRUE,6,0.55,1.33,50,0.65,18216.26,10,4,3,6,0,77.6,37,63,0,1,109.82,0,0.5,0.71,0,0,2,1947.49,4,0,0,junit.framework.TestCase,0,0,1,8,0,0,6,0,9,397,0,5,1,2.2,25,0.32,7553.4,6,1,2,5,3,140.33,19,48,1,2,119.71,0,0.67,0.2,0,8,5,974,4,2,2,org.argouml.uml.ui.UMLComboBoxModel2,0.1,0,2,11,0,0,3,0,7,226,0
TestUMLMessageReceiverListModel,UMLMessageReceiverListModel,TRUE,5,0.38,1,30,0.31,4145.3,7,2,3,5,0,119.23,20,39,0,1,118.99,0,0.5,0.8,0,0,1,920.5,4,0,0,junit.framework.TestCase,0,0,1,5,0,0,5,0,6,210,0,3,0,1,8,0.06,545.61,3,0,2,3,3,142.21,13,12,1,2,141.98,0,0.67,0,0,3,1,182.61,3,1,2,org.argouml.uml.ui.UMLModelElementListModel2,0.06,0,2,3,0,0,2,0,4,52,0
TestUMLMessageSenderListModel,UMLMessageSenderListModel,TRUE,5,0.38,1,30,0.31,4145.3,7,2,3,5,0,119.23,20,39,0,1,118.99,0,0.5,0.8,0,0,1,920.5,4,0,0,junit.framework.TestCase,0,0,1,5,0,0,5,0,6,210,0,3,0,1,8,0.06,545.61,3,0,2,3,3,142.21,14,12,1,2,141.98,0,0.67,0,0,3,1,182.61,3,1,2,org.argouml.uml.ui.UMLModelElementListModel2,0.06,0,2,3,0,0,2,0,4,52,0
TestUMLModelElementClientDependencyListModel,UMLModelElementClientDependencyListModel,TRUE,5,0.56,1.6,50,0.6,23496.98,9,4,2,5,0,72.45,32,56,0,1,104.67,0,0.5,0.7,0,0,3,1786.02,3,0,0,junit.framework.TestCase,0,0,1,8,0,0,5,0,6,366,0,3,0,1.33,8,0.09,1127.82,3,0,2,3,3,121.55,15,16,1,2,139.43,0,0.67,0,0,3,2,280.37,2,1,2,org.argouml.uml.ui.UMLModelElementListModel2,0.06,0,2,4,0,0,2,0,4,74,0
TestUMLModelElementConstraintListModel,UMLModelElementConstraintListModel,TRUE,5,0.44,1.6,48,0.55,19817.04,9,4,2,5,0,74.74,32,52,0,1,106.96,0,0.5,0.6,0,0,3,1656.89,3,0,0,junit.framework.TestCase,0,0,1,8,0,0,5,0,6,342,0,3,0,1.33,8,0.08,1043,3,0,2,3,3,139.93,13,15,1,2,139.69,0,0.67,0,0,3,2,250.94,2,1,2,org.argouml.uml.ui.UMLModelElementListModel2,0.06,0,2,4,0,0,2,0,4,67,0
TestUMLModelElementElementResidenceListModel,UMLModelElementElementResidenceListModel,TRUE,6,0.3,1.17,37,0.42,6890.5,8,2,2,6,0,99.97,32,48,0,1,117.84,0,0.5,0.75,0,0,2,1255.06,4,0,0,junit.framework.TestCase,0,0,1,7,0,0,6,0,10,280,0,3,0,1,7,0.07,826.16,3,0,1,3,2,140.79,13,13,0,2,140.56,0,0.67,0,0,3,1,218.11,2,1,2,org.argouml.uml.ui.UMLModelElementListModel2,0.06,0,2,3,0,0,2,0,4,60,0
TestUMLModelElementNameDocument,UMLModelElementNameDocument,TRUE,10,0.37,1,60,0.72,9731.97,13,3,4,10,0,100.57,59,77,0,1,118.44,0,0.5,0.67,0,0,1,2165,3,0,0,junit.framework.TestCase,0,0,1,10,0,0,10,0,12,483,0,3,0,1,7,0.05,412.33,3,0,2,3,3,143.17,13,11,1,2,142.93,0,0.67,0,0,3,1,154.43,1,1,2,org.argouml.uml.ui.UMLPlainTextDocument,0.1,0,2,3,0,0,2,0,4,46,0
TestUMLModelElementNamespaceListModel,UMLModelElementNamespaceListModel,TRUE,5,0.38,1,28,0.29,3584.31,7,2,2,5,0,104.57,27,34,0,1,122.44,0,0.5,0.8,0,0,1,856.18,4,0,0,junit.framework.TestCase,0,0,1,5,0,0,5,0,6,197,0,3,0,1.33,9,0.07,780.59,3,0,2,3,3,134.35,13,15,1,2,134.12,0,0.67,0,0,3,2,216.6,3,1,2,org.argouml.uml.ui.UMLModelElementListModel2,0.06,0,2,4,0,0,2,0,4,59,0
TestUMLReceptionSignalComboBoxModel,UMLReceptionSignalComboBoxModel,TRUE,6,0.55,1.33,48,0.6,14596.45,10,4,5,6,0,78.36,39,57,0,1,110.58,0,0.5,0.71,0,0,2,1798.5,4,0,0,junit.framework.TestCase,0,0,1,8,0,0,6,0,9,370,0,5,0,2.2,30,0.33,5493.4,5,0,7,5,6,118.08,24,48,1,2,117.85,0,0.67,0,0,8,5,1000.55,9,2,5,org.argouml.uml.ui.UMLComboBoxModel2,0.1,0,2,11,0,0,3,0,7,222,0
TestUMLSequenceDiagram,UMLSequenceDiagram,TRUE,2,0,1,6,0.04,504.94,2,0,2,2,0,102.06,12,10,0,1,134.29,0,0.5,0,0,2,1,120.04,1,0,0,junit.framework.TestCase,0,0,1,2,0,0,2,0,3,35,0,1,0,1,3,0.02,142.44,1,0,1,1,3,88.14,8,6,1,4,136.24,0,0.8,0,0,1,1,61.77,1,0,2,org.argouml.uml.diagram.ui.PropPanelDiagram,0,0,4,1,0,0,1,0,2,19,0
TestUMLStateDiagram,UMLStateDiagram,TRUE,2,0,1,6,0.04,504.94,2,0,2,2,0,102.06,12,10,0,1,134.29,0,0.5,0,0,2,1,120.04,1,0,0,junit.framework.TestCase,0,0,1,2,0,0,2,0,3,35,0,1,0,1,3,0.02,142.44,1,0,1,1,3,88.14,8,6,1,4,136.24,0,0.8,0,0,1,1,61.77,1,0,2,org.argouml.uml.diagram.ui.PropPanelDiagram,0,0,4,1,0,0,1,0,2,19,0
TestUMLStructuralFeatureTypeComboBoxModel,UMLStructuralFeatureTypeComboBoxModel,TRUE,7,0.58,1.29,57,0.79,23098.56,11,4,4,7,0,77.33,46,73,0,1,109.55,0,0.5,0.75,0,0,2,2364.28,4,0,0,junit.framework.TestCase,0,0,1,9,0,0,7,0,13,474,0,6,0,2.5,43,0.7,26604.07,6,0,12,6,8,78.33,38,69,4,2,110.55,1,0.4,0,0,6,6,2098.73,3,3,4,org.argouml.uml.ui.UMLComboBoxModel2,0.1,0,2,15,2,0,3,0,14,409,0
TestUMLTagDefinitionComboBoxModel,UMLTagDefinitionComboBoxModel,TRUE,4,0.17,1,24,0.27,4606.98,8,4,6,4,0,99.99,22,36,0,1,117.87,0,0.5,0.38,0,4,1,823.27,3,0,0,junit.framework.TestCase,0,0,1,4,0,0,4,0,7,178,0,7,1,1.86,44,0.81,39286.26,8,1,11,7,5,112.54,32,65,1,2,112.31,0,0.67,0,2,7,5,2433.56,6,3,4,org.argouml.uml.ui.UMLComboBoxModel2,0.1,0,2,13,0,0,4,0,8,450,0
TestUseCasesFactory,model,TRUE,5,1,1,22,0.35,8576.77,6,1,1,5,0,123.31,24,52,0,1,123.07,0,0.5,0.2,0,8,1,1036.46,1,1,0,junit.framework.TestCase,0,0,1,5,0,0,4,0,6,223,0,13,0.19,1.08,31,0.24,2946.48,16,3,7,13,26,141.44,61,47,23,1,141.21,14,0.06,0.15,6,67,2,726.35,2,7,3,org.tigris.gef.undo.UndoableAction,0,0,1,14,14,0,6,0,15,194,0
TestUUIDManager,UUIDManager,TRUE,2,0,1,9,0.07,1250.58,2,0,2,2,0,94.3,12,12,0,1,126.52,0,0.5,0,0,2,1,221.48,2,0,0,junit.framework.TestCase,0,0,1,2,0,0,2,0,3,58,0,3,0,2,21,0.2,6450.98,5,2,3,4,2,64.6,32,27,2,1,113.07,0,0,0.5,0,2,3,602.64,0,2,0,java.lang.Object,0,1,0,6,0,1,1,0,13,130,0

